[
    {
        "id": "896ffb06aa0c4d06b8c0ee250fd4ccbc928e5e9d370f86e886d7ba861bc7fc2ci0",
        "meta": {
            "name": "Inscription #118429"
        }
    },
    {
        "id": "7cfda85f84dc69802b6012cd16eaf4589852d0de863286bcff451bc2435a35c6i0",
        "meta": {
            "name": "Inscription #128464"
        }
    },
    {
        "id": "58af8c8c8c2c6ac161fd4da28969bd233463203af97cbce727e8dae511d5021fi0",
        "meta": {
            "name": "Inscription #130292"
        }
    },
    {
        "id": "1ec6d5039d0486cecbbbe16a0e9cb4924838b99f47e9853c45ad26ba5ef1a39ei0",
        "meta": {
            "name": "Inscription #131424"
        }
    },
    {
        "id": "158a126f54c4b1212cb49c9c7a291fe6a57e3cc27ec5db168415f41c6d2372adi0",
        "meta": {
            "name": "Inscription #131431"
        }
    },
    {
        "id": "03e153f4a63f988f95500f2176a04ac36127ffe4c44fe9efcede0ecf4ce331d8i0",
        "meta": {
            "name": "Inscription #131465"
        }
    },
    {
        "id": "56531630d21a2103efd9adb5ec21ad95072c1ddf823a371b90e4728cd178540ei0",
        "meta": {
            "name": "Inscription #133099"
        }
    },
    {
        "id": "9d974bb0e53db391ecc6501926fb3194792b8e5c42cd6c1b8740f2d8ec1b74b3i0",
        "meta": {
            "name": "Inscription #134104"
        }
    }
]