[
    {
        "id": "e57da5dc4d981546f28bb8264dfbbacaccbb9b05195bca467a49d64c5d1ec35bi0",
        "meta": {
            "name": "Inscription #68343"
        }
    },
    {
        "id": "efcbaf8ffabf0cacb320df779487d5184c12652ed5082c25ee695c38302b1e09i0",
        "meta": {
            "name": "Inscription #68579"
        }
    },
    {
        "id": "f910c075eb9859aa18f95746626ac239d4f7c7e69ad0c34b98a09a91c861630bi0",
        "meta": {
            "name": "Inscription #68657"
        }
    },
    {
        "id": "bfbb0e23f0563047d7f4e38a02800de3b2575756850e382b722a805a08f0699ci0",
        "meta": {
            "name": "Inscription #68667"
        }
    },
    {
        "id": "c82081df4f7f27bf1e6942599a7ac7c5e235c178a92568c7c15efbd55e34932bi0",
        "meta": {
            "name": "Inscription #68673"
        }
    },
    {
        "id": "0f7bc40d5deb4e76eec1df72dc2d6845f64d67e982616a922f85a733d40c3410i0",
        "meta": {
            "name": "Inscription #68695"
        }
    },
    {
        "id": "1755d0bfd822b0c1d086fe4576d39bf1f84423e6720b4e14b9d39ecf9fc0af15i0",
        "meta": {
            "name": "Inscription #68712"
        }
    },
    {
        "id": "f2050695e9256f3a817f896b41337c82ff08cf83d46b7748987902e48aef8060i0",
        "meta": {
            "name": "Inscription #68768"
        }
    },
    {
        "id": "7f9bc4187e1b72da44bda67fc06b834375e6610fdf2d0736ad881aee58c5c418i0",
        "meta": {
            "name": "Inscription #68799"
        }
    },
    {
        "id": "127912be6fae1c22af6c25290618bc8d1247107ef2094d9789b7719931b84833i0",
        "meta": {
            "name": "Inscription #68869"
        }
    },
    {
        "id": "0763dca1b4d4aed65a7695d3c56d2251dd951ed356f02ba1c36f5127493e2fe3i0",
        "meta": {
            "name": "Inscription #68988"
        }
    },
    {
        "id": "a5a05498256986a2b6b0d1529a9714bce8a4df0bade3a265eea8dd0701f77f71i0",
        "meta": {
            "name": "Inscription #69018"
        }
    }
]