[
    {
        "id": "284b3f64a36444d3792374b39d840f8a2ce37c56ea51f4669b12e5ceea727ac7i0",
        "meta": {
            "name": "Inscription #83037"
        }
    },
    {
        "id": "d325ba34e3c472b4d5e26775ad47ac9fd7d2dd5c39ee38fb4de41edf91a42c3ai0",
        "meta": {
            "name": "Inscription #88912"
        }
    },
    {
        "id": "391509cfebc94d7c018fb625ff01dc53aacaf3c56a021b31a1570ba93f7d29b0i0",
        "meta": {
            "name": "Inscription #92886"
        }
    },
    {
        "id": "6bc106106c2ed9659b435563857812cb98a3b9de741245e45c8d0bb8f55136c1i0",
        "meta": {
            "name": "Inscription #114951"
        }
    },
    {
        "id": "21c359d47db3936d2d7e9b4d7fac2370d3ffe0fa17678024275c678377d1bba9i0",
        "meta": {
            "name": "Inscription #93502"
        }
    },
    {
        "id": "0cb20ed2fb97dbc199bc8c9b8f192c73e8fa46c7a3eb7d56dba15c8ce4dbf3e9i0",
        "meta": {
            "name": "Inscription #107424"
        }
    },
    {
        "id": "bab15c1b89a81765b0d85c93a1467c0a4942ce155d3437ab95123f8bbfd42d4ei0",
        "meta": {
            "name": "Inscription #108761"
        }
    },
    {
        "id": "030d6020af938591ada6f15b63df548f5e8c85ec0c866033ccf1a2658561195di0",
        "meta": {
            "name": "Inscription #108762"
        }
    },
    {
        "id": "5fa130d91549a9d304001d33fa913fae414fe78ed2f7100bd0e286940b622d1di0",
        "meta": {
            "name": "Inscription #110097"
        }
    },
    {
        "id": "b66b8e6861f29b7c1e09e8b34e40eeb0dce409c0084ce45a85656740c604f202i0",
        "meta": {
            "name": "Inscription #110009"
        }
    },
    {
        "id": "402da02d4b26bbacfcdcc177529b086da2109901e9bdfcf49d0a19e440982533i0",
        "meta": {
            "name": "Inscription #110093"
        }
    },
    {
        "id": "95dbe6faf6107dcc98dec4239772e555fffea4e3076f30821ef2916c2f406edci0",
        "meta": {
            "name": "Inscription #110785"
        }
    },
    {
        "id": "335a9f6e21fe529a73dff0a30c30a22750676e0d78139de68a36cc5a51d86fbci0",
        "meta": {
            "name": "Inscription #112240"
        }
    },
    {
        "id": "afbfe067c8407ad3ac23e3f3fc2313bf35ec4ec45329e7ace9698244b26c0c4ai0",
        "meta": {
            "name": "Inscription #112269"
        }
    },
    {
        "id": "ca49b2c4514606b2c4f02f217aa406a3ed0fcd7fc331e6c891f9bb51e607f5d8i0",
        "meta": {
            "name": "Inscription #112496"
        }
    },
    {
        "id": "9333cc040530460f9efd4eef7aa4cdff9ccc4db6ae0aae1cda81f39212f3f576i0",
        "meta": {
            "name": "Inscription #112243"
        }
    },
    {
        "id": "bbe13e1851363687ebe0a486f0fc4367fd008fb4603e426ff7ba127e8d43396fi0",
        "meta": {
            "name": "Inscription #114366"
        }
    },
    {
        "id": "b611b97ba3510fd9243d51652f27c7b2bf7810180b2159d97583bcee6c796e51i0",
        "meta": {
            "name": "Inscription #114436"
        }
    },
    {
        "id": "988d9955c00f898bdbc59493437e7b7fef8697a7a84d9b840f565a7b5354228fi0",
        "meta": {
            "name": "Inscription #114365"
        }
    },
    {
        "id": "09c59b7ca466b1ec36831d2cc094452b5c6d973d982745326ec9cfc6ca1b4672i0",
        "meta": {
            "name": "Inscription #114367"
        }
    },
    {
        "id": "0439751e861d604fdd6da795fe50d4b7076122cf4bf5b03d9172990cb71a0a2ai0",
        "meta": {
            "name": "Inscription #114604"
        }
    },
    {
        "id": "dabcccef61b0edf0b305494c0be111b1c342a087b76e1a13b220819056801746i0",
        "meta": {
            "name": "Inscription #114571"
        }
    },
    {
        "id": "82d475046787533438c058f235df12f2dfc1a791027f46120c156243e9dec5b0i0",
        "meta": {
            "name": "Inscription #114638"
        }
    },
    {
        "id": "fb17c78fa2d3a717aa5effcba4a5c21f467c7517495fc83d0fcf7743b0e4daf9i0",
        "meta": {
            "name": "Inscription #114542"
        }
    },
    {
        "id": "9df8ba8efb8e87d1cf41a06d5cb0e2e8e507edd16e57e247f8cd4bc0b1278eb0i0",
        "meta": {
            "name": "Inscription #114759"
        }
    },
    {
        "id": "4cf90e778dcefef05da10860db6fb95dd01e8a84e0a952ba0fd91740ce1ebeb1i0",
        "meta": {
            "name": "Inscription #114767"
        }
    },
    {
        "id": "192be0519de658fe3a73f34176307ac45f5a4585c00f5df164e05ae486eb0080i0",
        "meta": {
            "name": "Inscription #114844"
        }
    },
    {
        "id": "5c6927e51eefc973988309af4060377c140cfe6229d08795137483b9c2da5105i0",
        "meta": {
            "name": "Inscription #114760"
        }
    },
    {
        "id": "5cfb8fad0b249d4b24438e932a70402502a17413dd5b98996e254007a9db6073i0",
        "meta": {
            "name": "Inscription #111332"
        }
    }
]