{
  "name": "I Love You by WhIsBe",
  "inscription_icon": "148852f8fc1ccc368a8da7709e96dfcbfac0969e5d3e35599f5566af1e3fa5d1i0",
  "supply": "72",
  "slug": "i-love-you-by-whisbe",
  "description": "WhIsBe’s First Release on Bitcoin: An Edition of 69 Ordinals + 3 Artist Proofs, All High-Res Animated (211,173 bytes), Inscribed Sub-100k, with a few slightly higher. Originally released as a 30 x 40” glass neon sculptural work, the piece explores the duality of phrasing. The piece has been exhibited in numerous collections, several hospitality venues and as a large scale 25' installation at Burning Man.",
  "twitter_link": "https://twitter.com/whisbe",
  "discord_link": "https://discord.com/invite/whisbeverse",
  "website_link": "http://www.whisbeworldwide.com/"
}